id,class,enrollment,gender,word
1,First-year,Full-time,Female,wish
1,First-year,Full-time,Female,reach
1,First-year,Full-time,Female,more
1,First-year,Full-time,Female,black
1,First-year,Full-time,Female,schools
1,First-year,Full-time,Female,went
1,First-year,Full-time,Female,poor
1,First-year,Full-time,Female,black
1,First-year,Full-time,Female,school
1,First-year,Full-time,Female,road
1,First-year,Full-time,Female,bellarmine
1,First-year,Full-time,Female,was
1,First-year,Full-time,Female,advisor
1,First-year,Full-time,Female,had
1,First-year,Full-time,Female,college
1,First-year,Full-time,Female,days
1,First-year,Full-time,Female,everything
1,First-year,Full-time,Female,bellarmine
1,First-year,Full-time,Female,stepped
1,First-year,Full-time,Female,foot
1,First-year,Full-time,Female,cause
1,First-year,Full-time,Female,bad
1,First-year,Full-time,Female,reputation
1,First-year,Full-time,Female,i'm
1,First-year,Full-time,Female,assuming
1,First-year,Full-time,Female,look
1,First-year,Full-time,Female,making
1,First-year,Full-time,Female,great
1,First-year,Full-time,Female,grades
1,First-year,Full-time,Female,doing
1,First-year,Full-time,Female,fine
2,First-year,Full-time,Female,feel
2,First-year,Full-time,Female,was
2,First-year,Full-time,Female,housing
2,First-year,Full-time,Female,specific
2,First-year,Full-time,Female,social
2,First-year,Full-time,Female,sorority
2,First-year,Full-time,Female,fraternity
2,First-year,Full-time,Female,help
2,First-year,Full-time,Female,having
2,First-year,Full-time,Female,support
2,First-year,Full-time,Female,system
2,First-year,Full-time,Female,closer
2,First-year,Full-time,Female,more
3,First-year,Full-time,Female,bellarmine
3,First-year,Full-time,Female,is
3,First-year,Full-time,Female,focused
3,First-year,Full-time,Female,image
3,First-year,Full-time,Female,quality
3,First-year,Full-time,Female,education
3,First-year,Full-time,Female,students
3,First-year,Full-time,Female,ridiculous
3,First-year,Full-time,Female,bellarmine
3,First-year,Full-time,Female,build
3,First-year,Full-time,Female,arch
3,First-year,Full-time,Female,construct
3,First-year,Full-time,Female,entire
3,First-year,Full-time,Female,new
3,First-year,Full-time,Female,building
3,First-year,Full-time,Female,putting
3,First-year,Full-time,Female,more
3,First-year,Full-time,Female,parking
3,First-year,Full-time,Female,residence
3,First-year,Full-time,Female,halls
3,First-year,Full-time,Female,academic
3,First-year,Full-time,Female,buildings
3,First-year,Full-time,Female,heard
3,First-year,Full-time,Female,are
3,First-year,Full-time,Female,plans
3,First-year,Full-time,Female,put
3,First-year,Full-time,Female,more
3,First-year,Full-time,Female,parking
3,First-year,Full-time,Female,quarto
3,First-year,Full-time,Female,do
3,First-year,Full-time,Female,know
3,First-year,Full-time,Female,be
3,First-year,Full-time,Female,project
3,First-year,Full-time,Female,that
3,First-year,Full-time,Female,is
3,First-year,Full-time,Female,moving
3,First-year,Full-time,Female,faster
3,First-year,Full-time,Female,terms
3,First-year,Full-time,Female,time
3,First-year,Full-time,Female,parking
3,First-year,Full-time,Female,lot
3,First-year,Full-time,Female,be
3,First-year,Full-time,Female,constructed
3,First-year,Full-time,Female,compared
3,First-year,Full-time,Female,building
3,First-year,Full-time,Female,that
3,First-year,Full-time,Female,is
3,First-year,Full-time,Female,supposed
3,First-year,Full-time,Female,take
3,First-year,Full-time,Female,years
3,First-year,Full-time,Female,build
3,First-year,Full-time,Female,yes
3,First-year,Full-time,Female,building
3,First-year,Full-time,Female,is
3,First-year,Full-time,Female,needed
3,First-year,Full-time,Female,school
3,First-year,Full-time,Female,business
3,First-year,Full-time,Female,other
3,First-year,Full-time,Female,needs
3,First-year,Full-time,Female,students
3,First-year,Full-time,Female,have
3,First-year,Full-time,Female,been
3,First-year,Full-time,Female,asking
3,First-year,Full-time,Female,new
3,First-year,Full-time,Female,building
3,First-year,Full-time,Female,satisfy
3,First-year,Full-time,Female,needs
3,First-year,Full-time,Female,much
3,First-year,Full-time,Female,have
3,First-year,Full-time,Female,been
3,First-year,Full-time,Female,asking
3,First-year,Full-time,Female,parking
3,First-year,Full-time,Female,do
3,First-year,Full-time,Female,arch
3,First-year,Full-time,Female,was
3,First-year,Full-time,Female,built
3,First-year,Full-time,Female,agree
3,First-year,Full-time,Female,is
3,First-year,Full-time,Female,nice
3,First-year,Full-time,Female,order
3,First-year,Full-time,Female,which
3,First-year,Full-time,Female,things
3,First-year,Full-time,Female,are
3,First-year,Full-time,Female,built
3,First-year,Full-time,Female,matter
3,First-year,Full-time,Female,believe
3,First-year,Full-time,Female,arch
3,First-year,Full-time,Female,have
3,First-year,Full-time,Female,come
3,First-year,Full-time,Female,later
3,First-year,Full-time,Female,hope
3,First-year,Full-time,Female,parking
3,First-year,Full-time,Female,issues
3,First-year,Full-time,Female,are
3,First-year,Full-time,Female,taken
3,First-year,Full-time,Female,care
3,First-year,Full-time,Female,supposed
3,First-year,Full-time,Female,new
3,First-year,Full-time,Female,dorms
3,First-year,Full-time,Female,are
3,First-year,Full-time,Female,built
3,First-year,Full-time,Female,be
3,First-year,Full-time,Female,nightmare
3,First-year,Full-time,Female,believe
3,First-year,Full-time,Female,is
3,First-year,Full-time,Female,requirement
3,First-year,Full-time,Female,go
3,First-year,Full-time,Female,college
3,First-year,Full-time,Female,achieve
3,First-year,Full-time,Female,success
3,First-year,Full-time,Female,past
3,First-year,Full-time,Female,does
3,First-year,Full-time,Female,mean
3,First-year,Full-time,Female,purpose
3,First-year,Full-time,Female,college
3,First-year,Full-time,Female,has
3,First-year,Full-time,Female,changed
3,First-year,Full-time,Female,college
3,First-year,Full-time,Female,used
3,First-year,Full-time,Female,be
3,First-year,Full-time,Female,rich
3,First-year,Full-time,Female,kids
3,First-year,Full-time,Female,who
3,First-year,Full-time,Female,wanted
3,First-year,Full-time,Female,learn
3,First-year,Full-time,Female,meaning
3,First-year,Full-time,Female,life
3,First-year,Full-time,Female,rest
3,First-year,Full-time,Female,people
3,First-year,Full-time,Female,start
3,First-year,Full-time,Female,jobs
3,First-year,Full-time,Female,high
3,First-year,Full-time,Female,school
3,First-year,Full-time,Female,start
3,First-year,Full-time,Female,career
3,First-year,Full-time,Female,college
3,First-year,Full-time,Female,degree
3,First-year,Full-time,Female,people
3,First-year,Full-time,Female,go
3,First-year,Full-time,Female,college
3,First-year,Full-time,Female,be
3,First-year,Full-time,Female,able
3,First-year,Full-time,Female,enter
3,First-year,Full-time,Female,workforce
3,First-year,Full-time,Female,most
3,First-year,Full-time,Female,are
3,First-year,Full-time,Female,get
3,First-year,Full-time,Female,job
3,First-year,Full-time,Female,learn
3,First-year,Full-time,Female,meaning
3,First-year,Full-time,Female,life
3,First-year,Full-time,Female,is
3,First-year,Full-time,Female,absurd
3,First-year,Full-time,Female,ask
3,First-year,Full-time,Female,students
3,First-year,Full-time,Female,take
3,First-year,Full-time,Female,many
3,First-year,Full-time,Female,general
3,First-year,Full-time,Female,education
3,First-year,Full-time,Female,classes
3,First-year,Full-time,Female,theology
3,First-year,Full-time,Female,philosophy
3,First-year,Full-time,Female,history
3,First-year,Full-time,Female,chemistry
3,First-year,Full-time,Female,music
3,First-year,Full-time,Female,theory
3,First-year,Full-time,Female,classes
3,First-year,Full-time,Female,pertain
3,First-year,Full-time,Female,students'
3,First-year,Full-time,Female,intended
3,First-year,Full-time,Female,majors
3,First-year,Full-time,Female,college
3,First-year,Full-time,Female,is
3,First-year,Full-time,Female,gateway
3,First-year,Full-time,Female,career
3,First-year,Full-time,Female,place
3,First-year,Full-time,Female,learn
3,First-year,Full-time,Female,exist
4,First-year,Full-time,Female,know
4,First-year,Full-time,Female,is
4,First-year,Full-time,Female,best
4,First-year,Full-time,Female,college
4,First-year,Full-time,Female,want
4,First-year,Full-time,Female,be
5,First-year,Full-time,Female,do
5,First-year,Full-time,Female,have
5,First-year,Full-time,Female,additional
5,First-year,Full-time,Female,comments
5,First-year,Full-time,Female,make
6,First-year,Full-time,Female,love
6,First-year,Full-time,Female,pick
6,First-year,Full-time,Female,other
6,First-year,Full-time,Female,school
7,First-year,Full-time,Female,need
7,First-year,Full-time,Female,more
7,First-year,Full-time,Female,parking
8,First-year,Full-time,Female,most
8,First-year,Full-time,Female,professors
8,First-year,Full-time,Female,are
8,First-year,Full-time,Female,great
8,First-year,Full-time,Female,are
8,First-year,Full-time,Female,few
8,First-year,Full-time,Female,who
8,First-year,Full-time,Female,are
8,First-year,Full-time,Female,disrespectful
8,First-year,Full-time,Female,helpful
8,First-year,Full-time,Female,whatsoever
9,First-year,Full-time,Female,are
9,First-year,Full-time,Female,many
9,First-year,Full-time,Female,gened
9,First-year,Full-time,Female,classes
9,First-year,Full-time,Female,do
9,First-year,Full-time,Female,need
9,First-year,Full-time,Female,many
9,First-year,Full-time,Female,career
9,First-year,Full-time,Female,i'm
9,First-year,Full-time,Female,learning
9,First-year,Full-time,Female,anything
9,First-year,Full-time,Female,new
9,First-year,Full-time,Female,high
9,First-year,Full-time,Female,school
9,First-year,Full-time,Female,covered
9,First-year,Full-time,Female,majority
9,First-year,Full-time,Female,gen
9,First-year,Full-time,Female,eds
9,First-year,Full-time,Female,use
9,First-year,Full-time,Female,maple
9,First-year,Full-time,Female,does
9,First-year,Full-time,Female,aid
9,First-year,Full-time,Female,learning
9,First-year,Full-time,Female,calculus
9,First-year,Full-time,Female,anything
9,First-year,Full-time,Female,maple
9,First-year,Full-time,Female,is
9,First-year,Full-time,Female,fancy
9,First-year,Full-time,Female,calculator
9,First-year,Full-time,Female,that
9,First-year,Full-time,Female,be
9,First-year,Full-time,Female,used
9,First-year,Full-time,Female,bellarmine
9,First-year,Full-time,Female,server
9,First-year,Full-time,Female,is
9,First-year,Full-time,Female,use
9,First-year,Full-time,Female,outside
9,First-year,Full-time,Female,math
9,First-year,Full-time,Female,lab
10,First-year,Full-time,Male,i've
10,First-year,Full-time,Male,been
10,First-year,Full-time,Male,impressed
10,First-year,Full-time,Male,quality
10,First-year,Full-time,Male,faculty
10,First-year,Full-time,Male,classes
10,First-year,Full-time,Male,bellarmine
10,First-year,Full-time,Male,time
10,First-year,Full-time,Male,has
10,First-year,Full-time,Male,been
10,First-year,Full-time,Male,easy
10,First-year,Full-time,Male,be
10,First-year,Full-time,Male,disappointed
10,First-year,Full-time,Male,college
10,First-year,Full-time,Male,education
10,First-year,Full-time,Male,was
10,First-year,Full-time,Male,challenging
10,First-year,Full-time,Male,feel
10,First-year,Full-time,Male,i've
10,First-year,Full-time,Male,learned
10,First-year,Full-time,Male,lot
10,First-year,Full-time,Male,classes
10,First-year,Full-time,Male,i've
10,First-year,Full-time,Male,taken
10,First-year,Full-time,Male,look
10,First-year,Full-time,Male,classes
10,First-year,Full-time,Male,take
10,First-year,Full-time,Male,future
11,First-year,Not full-time,Female,teachers
11,First-year,Not full-time,Female,seems
11,First-year,Not full-time,Female,take
11,First-year,Not full-time,Female,different
11,First-year,Not full-time,Female,ethnicities
11,First-year,Not full-time,Female,others
11,First-year,Not full-time,Female,be
12,Senior,Full-time,Female,love
12,Senior,Full-time,Female,soccer
13,Senior,Full-time,Female,university
13,Senior,Full-time,Female,needs
13,Senior,Full-time,Female,put
13,Senior,Full-time,Female,more
13,Senior,Full-time,Female,emphasis
13,Senior,Full-time,Female,creating
13,Senior,Full-time,Female,diversity
13,Senior,Full-time,Female,campus
13,Senior,Full-time,Female,supporting
13,Senior,Full-time,Female,campus
13,Senior,Full-time,Female,ministry
13,Senior,Full-time,Female,office
13,Senior,Full-time,Female,office
13,Senior,Full-time,Female,multicultural
13,Senior,Full-time,Female,affairs
13,Senior,Full-time,Female,needs
13,Senior,Full-time,Female,be
13,Senior,Full-time,Female,more
13,Senior,Full-time,Female,emphasis
13,Senior,Full-time,Female,social
13,Senior,Full-time,Female,justice
13,Senior,Full-time,Female,true
13,Senior,Full-time,Female,values
13,Senior,Full-time,Female,university
13,Senior,Full-time,Female,emphasis
13,Senior,Full-time,Female,mindless
13,Senior,Full-time,Female,fun
13,Senior,Full-time,Female,needs
13,Senior,Full-time,Female,be
13,Senior,Full-time,Female,more
13,Senior,Full-time,Female,interconnected
13,Senior,Full-time,Female,campus
14,Senior,Full-time,Female,loved
14,Senior,Full-time,Female,college
14,Senior,Full-time,Female,experience
14,Senior,Full-time,Female,be
14,Senior,Full-time,Female,graduating
14,Senior,Full-time,Female,end
14,Senior,Full-time,Female,semester
14,Senior,Full-time,Female,tear
14,Senior,Full-time,Female,be
14,Senior,Full-time,Female,shed
14,Senior,Full-time,Female,wish
14,Senior,Full-time,Female,student
14,Senior,Full-time,Female,loans
14,Senior,Full-time,Female,great
14,Senior,Full-time,Female,hated
14,Senior,Full-time,Female,more
14,Senior,Full-time,Female,loved
14,Senior,Full-time,Female,bellarmine
14,Senior,Full-time,Female,be
14,Senior,Full-time,Female,school
14,Senior,Full-time,Female,changed
15,Senior,Full-time,Female,felt
15,Senior,Full-time,Female,continuation
15,Senior,Full-time,Female,high
15,Senior,Full-time,Female,school
15,Senior,Full-time,Female,homogenous
15,Senior,Full-time,Female,group
15,Senior,Full-time,Female,people
15,Senior,Full-time,Female,lacking
15,Senior,Full-time,Female,diversity
15,Senior,Full-time,Female,had
15,Senior,Full-time,Female,interesting
15,Senior,Full-time,Female,conversation
15,Senior,Full-time,Female,group
15,Senior,Full-time,Female,students
15,Senior,Full-time,Female,hated
15,Senior,Full-time,Female,students
15,Senior,Full-time,Female,wanted
15,Senior,Full-time,Female,have
15,Senior,Full-time,Female,class
15,Senior,Full-time,Female,discussions
15,Senior,Full-time,Female,got
15,Senior,Full-time,Female,feeling
15,Senior,Full-time,Female,was
15,Senior,Full-time,Female,inconveniencing
15,Senior,Full-time,Female,wanting
15,Senior,Full-time,Female,talk
15,Senior,Full-time,Female,class
15,Senior,Full-time,Female,feel
15,Senior,Full-time,Female,lot
15,Senior,Full-time,Female,students
15,Senior,Full-time,Female,bellarmine
15,Senior,Full-time,Female,care
15,Senior,Full-time,Female,education
15,Senior,Full-time,Female,have
15,Senior,Full-time,Female,received
16,Senior,Full-time,Female,mission
16,Senior,Full-time,Female,university
16,Senior,Full-time,Female,is
16,Senior,Full-time,Female,beautiful
16,Senior,Full-time,Female,it's
16,Senior,Full-time,Female,chose
16,Senior,Full-time,Female,come
16,Senior,Full-time,Female,bellarmine
16,Senior,Full-time,Female,many
16,Senior,Full-time,Female,liberal
16,Senior,Full-time,Female,arts
16,Senior,Full-time,Female,courses
16,Senior,Full-time,Female,instructors
16,Senior,Full-time,Female,embody
16,Senior,Full-time,Female,mission
16,Senior,Full-time,Female,student
16,Senior,Full-time,Female,body
16,Senior,Full-time,Female,fails
16,Senior,Full-time,Female,internalize
16,Senior,Full-time,Female,mission
16,Senior,Full-time,Female,hypocrisy
16,Senior,Full-time,Female,hatred
16,Senior,Full-time,Female,shallow
16,Senior,Full-time,Female,thinking
16,Senior,Full-time,Female,is
16,Senior,Full-time,Female,rampant
16,Senior,Full-time,Female,peers
16,Senior,Full-time,Female,emphasis
16,Senior,Full-time,Female,university
16,Senior,Full-time,Female,appearance
16,Senior,Full-time,Female,campus
16,Senior,Full-time,Female,beauty
16,Senior,Full-time,Female,reputation
16,Senior,Full-time,Female,overshadows
16,Senior,Full-time,Female,content
16,Senior,Full-time,Female,institution
16,Senior,Full-time,Female,making
16,Senior,Full-time,Female,student
16,Senior,Full-time,Female,body
16,Senior,Full-time,Female,bitter
16,Senior,Full-time,Female,cynical
16,Senior,Full-time,Female,school's
16,Senior,Full-time,Female,real
16,Senior,Full-time,Female,motives
16,Senior,Full-time,Female,myself
16,Senior,Full-time,Female,question
16,Senior,Full-time,Female,school
16,Senior,Full-time,Female,that
16,Senior,Full-time,Female,champions
16,Senior,Full-time,Female,social
16,Senior,Full-time,Female,justice
16,Senior,Full-time,Female,justify
16,Senior,Full-time,Female,expensive
16,Senior,Full-time,Female,additions
16,Senior,Full-time,Female,cheaper
16,Senior,Full-time,Female,design
16,Senior,Full-time,Female,serve
16,Senior,Full-time,Female,needs
16,Senior,Full-time,Female,complaints
16,Senior,Full-time,Female,aside
16,Senior,Full-time,Female,am
16,Senior,Full-time,Female,better
16,Senior,Full-time,Female,person
16,Senior,Full-time,Female,having
16,Senior,Full-time,Female,attended
16,Senior,Full-time,Female,bellarmine
16,Senior,Full-time,Female,i'm
16,Senior,Full-time,Female,grateful
16,Senior,Full-time,Female,time
17,Senior,Full-time,Female,have
17,Senior,Full-time,Female,picked
17,Senior,Full-time,Female,better
17,Senior,Full-time,Female,college
17,Senior,Full-time,Female,attend
17,Senior,Full-time,Female,bellarmine
17,Senior,Full-time,Female,feel
17,Senior,Full-time,Female,prepared
17,Senior,Full-time,Female,enter
17,Senior,Full-time,Female,nursing
17,Senior,Full-time,Female,found
17,Senior,Full-time,Female,support
17,Senior,Full-time,Female,teachers
17,Senior,Full-time,Female,instructors
17,Senior,Full-time,Female,have
17,Senior,Full-time,Female,anyone
17,Senior,Full-time,Female,feel
17,Senior,Full-time,Female,bellarmine
17,Senior,Full-time,Female,has
17,Senior,Full-time,Female,great
17,Senior,Full-time,Female,namesake
17,Senior,Full-time,Female,was
17,Senior,Full-time,Female,allowed
17,Senior,Full-time,Female,numerous
17,Senior,Full-time,Female,opportunities
17,Senior,Full-time,Female,network
17,Senior,Full-time,Female,get
17,Senior,Full-time,Female,foot
17,Senior,Full-time,Female,door
18,Senior,Full-time,Female,feel
18,Senior,Full-time,Female,bellarmine
18,Senior,Full-time,Female,likes
18,Senior,Full-time,Female,people
18,Senior,Full-time,Female,who
18,Senior,Full-time,Female,have
18,Senior,Full-time,Female,money
18,Senior,Full-time,Female,live
18,Senior,Full-time,Female,campus
18,Senior,Full-time,Female,have
18,Senior,Full-time,Female,money
18,Senior,Full-time,Female,means
18,Senior,Full-time,Female,live
18,Senior,Full-time,Female,campus
18,Senior,Full-time,Female,care
18,Senior,Full-time,Female,i've
18,Senior,Full-time,Female,been
18,Senior,Full-time,Female,told
18,Senior,Full-time,Female,quit
18,Senior,Full-time,Female,job
18,Senior,Full-time,Female,faculty
18,Senior,Full-time,Female,members
18,Senior,Full-time,Female,do
18,Senior,Full-time,Female,have
18,Senior,Full-time,Female,means
18,Senior,Full-time,Female,do
18,Senior,Full-time,Female,live
18,Senior,Full-time,Female,campus
18,Senior,Full-time,Female,making
18,Senior,Full-time,Female,friends
18,Senior,Full-time,Female,is
18,Senior,Full-time,Female,difficult
18,Senior,Full-time,Female,feel
18,Senior,Full-time,Female,outsider
18,Senior,Full-time,Female,who
18,Senior,Full-time,Female,does
18,Senior,Full-time,Female,go
18,Senior,Full-time,Female,professors
18,Senior,Full-time,Female,act
18,Senior,Full-time,Female,class
18,Senior,Full-time,Female,is
18,Senior,Full-time,Female,only
18,Senior,Full-time,Female,take
18,Senior,Full-time,Female,is
18,Senior,Full-time,Female,true
18,Senior,Full-time,Female,have
18,Senior,Full-time,Female,other
18,Senior,Full-time,Female,classes
18,Senior,Full-time,Female,make
18,Senior,Full-time,Female,do
18,Senior,Full-time,Female,busy
18,Senior,Full-time,Female,work
18,Senior,Full-time,Female,need
18,Senior,Full-time,Female,focus
18,Senior,Full-time,Female,classes
18,Senior,Full-time,Female,majors
18,Senior,Full-time,Female,is
18,Senior,Full-time,Female,what
18,Senior,Full-time,Female,getting
18,Senior,Full-time,Female,degree
18,Senior,Full-time,Female,do
19,Senior,Full-time,Female,institution
19,Senior,Full-time,Female,is
19,Senior,Full-time,Female,anything
19,Senior,Full-time,Female,that
19,Senior,Full-time,Female,expected
19,Senior,Full-time,Female,be
19,Senior,Full-time,Female,what
19,Senior,Full-time,Female,bellarmine
19,Senior,Full-time,Female,university
19,Senior,Full-time,Female,claims
19,Senior,Full-time,Female,provide
19,Senior,Full-time,Female,it's
19,Senior,Full-time,Female,students
19,Senior,Full-time,Female,what
19,Senior,Full-time,Female,does
19,Senior,Full-time,Female,are
19,Senior,Full-time,Female,ends
19,Senior,Full-time,Female,spectrum
19,Senior,Full-time,Female,give
19,Senior,Full-time,Female,choice
19,Senior,Full-time,Female,make
19,Senior,Full-time,Female,doubt
19,Senior,Full-time,Female,choose
19,Senior,Full-time,Female,bellarmine
19,Senior,Full-time,Female,am
19,Senior,Full-time,Female,unhappy
19,Senior,Full-time,Female,education
19,Senior,Full-time,Female,have
19,Senior,Full-time,Female,received
19,Senior,Full-time,Female,given
19,Senior,Full-time,Female,amount
19,Senior,Full-time,Female,money
19,Senior,Full-time,Female,costs
19,Senior,Full-time,Female,suggest
19,Senior,Full-time,Female,anyone
19,Senior,Full-time,Female,attend
19,Senior,Full-time,Female,school
19,Senior,Full-time,Female,future
20,Senior,Full-time,Female,i've
20,Senior,Full-time,Female,had
20,Senior,Full-time,Female,many
20,Senior,Full-time,Female,experiences
20,Senior,Full-time,Female,campus
20,Senior,Full-time,Female,have
20,Senior,Full-time,Female,singled
20,Senior,Full-time,Female,minority
20,Senior,Full-time,Female,woman
20,Senior,Full-time,Female,campus
20,Senior,Full-time,Female,say
20,Senior,Full-time,Female,certainty
20,Senior,Full-time,Female,recommend
20,Senior,Full-time,Female,school
20,Senior,Full-time,Female,minority
20,Senior,Full-time,Female,students
20,Senior,Full-time,Female,excellent
20,Senior,Full-time,Female,experience
20,Senior,Full-time,Female,know
20,Senior,Full-time,Female,many
20,Senior,Full-time,Female,minority
20,Senior,Full-time,Female,friends
20,Senior,Full-time,Female,feel
20,Senior,Full-time,Female,same
20,Senior,Full-time,Female,way
21,Senior,Full-time,Female,bellarmine
21,Senior,Full-time,Female,has
21,Senior,Full-time,Female,amazing
21,Senior,Full-time,Female,nursing
21,Senior,Full-time,Female,program
21,Senior,Full-time,Female,nursing
21,Senior,Full-time,Female,is
21,Senior,Full-time,Female,easy
21,Senior,Full-time,Female,course
21,Senior,Full-time,Female,matter
21,Senior,Full-time,Female,go
21,Senior,Full-time,Female,bellarmine
21,Senior,Full-time,Female,has
21,Senior,Full-time,Female,designed
21,Senior,Full-time,Female,courses
21,Senior,Full-time,Female,provide
21,Senior,Full-time,Female,greatest
21,Senior,Full-time,Female,opportunity
21,Senior,Full-time,Female,success
21,Senior,Full-time,Female,students
21,Senior,Full-time,Female,are
21,Senior,Full-time,Female,trying
21,Senior,Full-time,Female,overwhelm
21,Senior,Full-time,Female,challenge
21,Senior,Full-time,Female,are
21,Senior,Full-time,Female,trying
21,Senior,Full-time,Female,make
21,Senior,Full-time,Female,fail
21,Senior,Full-time,Female,nursing
21,Senior,Full-time,Female,push
21,Senior,Full-time,Female,do
21,Senior,Full-time,Female,more
21,Senior,Full-time,Female,memorize
21,Senior,Full-time,Female,book
21,Senior,Full-time,Female,faculty
21,Senior,Full-time,Female,is
21,Senior,Full-time,Female,amazing
21,Senior,Full-time,Female,helpful
21,Senior,Full-time,Female,get
21,Senior,Full-time,Female,want
21,Senior,Full-time,Female,be
21,Senior,Full-time,Female,terms
21,Senior,Full-time,Female,future
21,Senior,Full-time,Female,career
21,Senior,Full-time,Female,have
21,Senior,Full-time,Female,been
21,Senior,Full-time,Female,fortunate
21,Senior,Full-time,Female,have
21,Senior,Full-time,Female,great
21,Senior,Full-time,Female,gen
21,Senior,Full-time,Female,ed
21,Senior,Full-time,Female,courses
21,Senior,Full-time,Female,idc
21,Senior,Full-time,Female,courses
21,Senior,Full-time,Female,that
21,Senior,Full-time,Female,happen
21,Senior,Full-time,Female,tie
21,Senior,Full-time,Female,nursing
21,Senior,Full-time,Female,courses
21,Senior,Full-time,Female,ethical
21,Senior,Full-time,Female,educational
21,Senior,Full-time,Female,level
22,Senior,Full-time,Female,campus
22,Senior,Full-time,Female,ministry
22,Senior,Full-time,Female,offer
22,Senior,Full-time,Female,opportunities
22,Senior,Full-time,Female,christian
22,Senior,Full-time,Female,students
22,Senior,Full-time,Female,other
22,Senior,Full-time,Female,fca
22,Senior,Full-time,Female,let
22,Senior,Full-time,Female,cru
22,Senior,Full-time,Female,come
22,Senior,Full-time,Female,bring
22,Senior,Full-time,Female,people
22,Senior,Full-time,Female,local
22,Senior,Full-time,Female,churches
22,Senior,Full-time,Female,offer
22,Senior,Full-time,Female,bible
22,Senior,Full-time,Female,studies
22,Senior,Full-time,Female,are
22,Senior,Full-time,Female,catholic
22,Senior,Full-time,Female,institution
22,Senior,Full-time,Female,reflect
22,Senior,Full-time,Female,it's
22,Senior,Full-time,Female,sad
23,Senior,Full-time,Female,reason
23,Senior,Full-time,Female,did
23,Senior,Full-time,Female,put
23,Senior,Full-time,Female,agree
23,Senior,Full-time,Female,faculty
23,Senior,Full-time,Female,staff
23,Senior,Full-time,Female,treat
23,Senior,Full-time,Female,different
23,Senior,Full-time,Female,races
23,Senior,Full-time,Female,cultures
23,Senior,Full-time,Female,is
23,Senior,Full-time,Female,number
23,Senior,Full-time,Female,other
23,Senior,Full-time,Female,business
23,Senior,Full-time,Female,students
23,Senior,Full-time,Female,feel
23,Senior,Full-time,Female,pat
23,Senior,Full-time,Female,carver
23,Senior,Full-time,Female,is
23,Senior,Full-time,Female,grading
23,Senior,Full-time,Female,favors
23,Senior,Full-time,Female,certain
23,Senior,Full-time,Female,genders
23,Senior,Full-time,Female,races
23,Senior,Full-time,Female,has
23,Senior,Full-time,Female,spoken
23,Senior,Full-time,Female,ba
23,Senior,Full-time,Female,class
23,Senior,Full-time,Female,ba
23,Senior,Full-time,Female,class
24,Senior,Full-time,Female,love
24,Senior,Full-time,Female,bellarmine
24,Senior,Full-time,Female,university
24,Senior,Full-time,Female,has
24,Senior,Full-time,Female,been
24,Senior,Full-time,Female,blessing
24,Senior,Full-time,Female,go
25,Senior,Full-time,Female,think
25,Senior,Full-time,Female,institution
25,Senior,Full-time,Female,has
25,Senior,Full-time,Female,strong
25,Senior,Full-time,Female,commitment
25,Senior,Full-time,Female,excellence
25,Senior,Full-time,Female,education
25,Senior,Full-time,Female,challenging
25,Senior,Full-time,Female,students
25,Senior,Full-time,Female,best
25,Senior,Full-time,Female,abilities
25,Senior,Full-time,Female,think
25,Senior,Full-time,Female,is
25,Senior,Full-time,Female,caught
25,Senior,Full-time,Female,idea
25,Senior,Full-time,Female,growth
25,Senior,Full-time,Female,improvement
25,Senior,Full-time,Female,standards
25,Senior,Full-time,Female,which
25,Senior,Full-time,Female,seek
25,Senior,Full-time,Female,new
25,Senior,Full-time,Female,students
25,Senior,Full-time,Female,accept
25,Senior,Full-time,Female,students
25,Senior,Full-time,Female,institution
25,Senior,Full-time,Female,have
25,Senior,Full-time,Female,diminished
25,Senior,Full-time,Female,acceptance
25,Senior,Full-time,Female,rate
25,Senior,Full-time,Female,has
25,Senior,Full-time,Female,gone
25,Senior,Full-time,Female,seems
25,Senior,Full-time,Female,retention
25,Senior,Full-time,Female,graduation
25,Senior,Full-time,Female,rates
25,Senior,Full-time,Female,go
25,Senior,Full-time,Female,be
25,Senior,Full-time,Female,institution
25,Senior,Full-time,Female,excellence
25,Senior,Full-time,Female,believe
25,Senior,Full-time,Female,standards
25,Senior,Full-time,Female,which
25,Senior,Full-time,Female,admit
25,Senior,Full-time,Female,students
25,Senior,Full-time,Female,institution
25,Senior,Full-time,Female,be
25,Senior,Full-time,Female,higher
26,Senior,Full-time,Female,only
26,Senior,Full-time,Female,things
26,Senior,Full-time,Female,that
26,Senior,Full-time,Female,bellarmine
26,Senior,Full-time,Female,needs
26,Senior,Full-time,Female,improve
26,Senior,Full-time,Female,is
26,Senior,Full-time,Female,staff
26,Senior,Full-time,Female,bursa's
26,Senior,Full-time,Female,office
26,Senior,Full-time,Female,staff
26,Senior,Full-time,Female,working
26,Senior,Full-time,Female,are
26,Senior,Full-time,Female,rude
26,Senior,Full-time,Female,willing
26,Senior,Full-time,Female,help
26,Senior,Full-time,Female,know
26,Senior,Full-time,Female,many
26,Senior,Full-time,Female,friends
26,Senior,Full-time,Female,have
26,Senior,Full-time,Female,had
26,Senior,Full-time,Female,issues
26,Senior,Full-time,Female,office
26,Senior,Full-time,Female,has
26,Senior,Full-time,Female,happened
26,Senior,Full-time,Female,time
26,Senior,Full-time,Female,time
26,Senior,Full-time,Female,have
26,Senior,Full-time,Female,question
26,Senior,Full-time,Female,go
26,Senior,Full-time,Female,seems
26,Senior,Full-time,Female,be
26,Senior,Full-time,Female,big
26,Senior,Full-time,Female,hassle
26,Senior,Full-time,Female,employee's
26,Senior,Full-time,Female,assist
26,Senior,Full-time,Female,questions
26,Senior,Full-time,Female,concerns
26,Senior,Full-time,Female,is
26,Senior,Full-time,Female,sad
26,Senior,Full-time,Female,be
26,Senior,Full-time,Female,such
26,Senior,Full-time,Female,wonderful
26,Senior,Full-time,Female,school
26,Senior,Full-time,Female,staff
26,Senior,Full-time,Female,be
27,Senior,Full-time,Female,wish
27,Senior,Full-time,Female,was
27,Senior,Full-time,Female,had
27,Senior,Full-time,Female,been
27,Senior,Full-time,Female,focus
27,Senior,Full-time,Female,career
27,Senior,Full-time,Female,development
27,Senior,Full-time,Female,write
27,Senior,Full-time,Female,cover
27,Senior,Full-time,Female,letters
27,Senior,Full-time,Female,resumes
27,Senior,Full-time,Female,what
27,Senior,Full-time,Female,wear
27,Senior,Full-time,Female,business
27,Senior,Full-time,Female,settings
27,Senior,Full-time,Female,etc
27,Senior,Full-time,Female,soon
27,Senior,Full-time,Female,be
27,Senior,Full-time,Female,graduate
27,Senior,Full-time,Female,am
27,Senior,Full-time,Female,learning
27,Senior,Full-time,Female,have
27,Senior,Full-time,Female,idea
27,Senior,Full-time,Female,do
27,Senior,Full-time,Female,vital
27,Senior,Full-time,Female,things
27,Senior,Full-time,Female,career
27,Senior,Full-time,Female,development
27,Senior,Full-time,Female,office
27,Senior,Full-time,Female,has
27,Senior,Full-time,Female,been
27,Senior,Full-time,Female,accessible
27,Senior,Full-time,Female,have
27,Senior,Full-time,Female,had
27,Senior,Full-time,Female,learn
27,Senior,Full-time,Female,skills
27,Senior,Full-time,Female,own
27,Senior,Full-time,Female,asking
27,Senior,Full-time,Female,parents
27,Senior,Full-time,Female,who
27,Senior,Full-time,Female,have
27,Senior,Full-time,Female,had
27,Senior,Full-time,Female,years
27,Senior,Full-time,Female,experience
27,Senior,Full-time,Female,professional
27,Senior,Full-time,Female,business
27,Senior,Full-time,Female,real
27,Senior,Full-time,Female,world
27,Senior,Full-time,Female,i'm
27,Senior,Full-time,Female,okay
27,Senior,Full-time,Female,figuring
27,Senior,Full-time,Female,own
27,Senior,Full-time,Female,help
27,Senior,Full-time,Female,have
27,Senior,Full-time,Female,been
27,Senior,Full-time,Female,nice
27,Senior,Full-time,Female,point
27,Senior,Full-time,Female,last
27,Senior,Full-time,Female,years
27,Senior,Full-time,Female,commuted
27,Senior,Full-time,Female,hour
27,Senior,Full-time,Female,round
27,Senior,Full-time,Female,trip
27,Senior,Full-time,Female,day
27,Senior,Full-time,Female,years
27,Senior,Full-time,Female,parking
27,Senior,Full-time,Female,campus
27,Senior,Full-time,Female,has
27,Senior,Full-time,Female,been
27,Senior,Full-time,Female,nothing
27,Senior,Full-time,Female,continuous
27,Senior,Full-time,Female,source
27,Senior,Full-time,Female,unnecessary
27,Senior,Full-time,Female,stress
27,Senior,Full-time,Female,be
27,Senior,Full-time,Female,day
27,Senior,Full-time,Female,graduate
27,Senior,Full-time,Female,leave
27,Senior,Full-time,Female,plenty
27,Senior,Full-time,Female,isn't
27,Senior,Full-time,Female,always
27,Senior,Full-time,Female,guarantee
27,Senior,Full-time,Female,that
27,Senior,Full-time,Female,find
27,Senior,Full-time,Female,park
27,Senior,Full-time,Female,received
27,Senior,Full-time,Female,ticket
27,Senior,Full-time,Female,campus
27,Senior,Full-time,Female,parking
27,Senior,Full-time,Female,violations
27,Senior,Full-time,Female,moving
27,Senior,Full-time,Female,citations
27,Senior,Full-time,Female,booted
27,Senior,Full-time,Female,wheels
27,Senior,Full-time,Female,nothing
27,Senior,Full-time,Female,have
27,Senior,Full-time,Female,sacrificed
27,Senior,Full-time,Female,lot
27,Senior,Full-time,Female,time
27,Senior,Full-time,Female,class
27,Senior,Full-time,Female,time
27,Senior,Full-time,Female,years
27,Senior,Full-time,Female,ensure
27,Senior,Full-time,Female,was
27,Senior,Full-time,Female,parked
27,Senior,Full-time,Female,appropriate
27,Senior,Full-time,Female,campus
27,Senior,Full-time,Female,space
27,Senior,Full-time,Female,basic
27,Senior,Full-time,Female,necessities
27,Senior,Full-time,Female,such
27,Senior,Full-time,Female,parking
27,Senior,Full-time,Female,areas
27,Senior,Full-time,Female,grow
27,Senior,Full-time,Female,school
27,Senior,Full-time,Female,it's
27,Senior,Full-time,Female,great
27,Senior,Full-time,Female,bellarmine
27,Senior,Full-time,Female,is
27,Senior,Full-time,Female,expanding
27,Senior,Full-time,Female,year
27,Senior,Full-time,Female,year
27,Senior,Full-time,Female,facilities
27,Senior,Full-time,Female,need
27,Senior,Full-time,Female,expand
27,Senior,Full-time,Female,same
27,Senior,Full-time,Female,rate
28,Senior,Full-time,Female,bu
28,Senior,Full-time,Female,is
28,Senior,Full-time,Female,great
28,Senior,Full-time,Female,school
28,Senior,Full-time,Female,love
28,Senior,Full-time,Female,facilities
28,Senior,Full-time,Female,faculty
28,Senior,Full-time,Female,it's
28,Senior,Full-time,Female,better
28,Senior,Full-time,Female,transylvania
29,Senior,Full-time,Female,like
29,Senior,Full-time,Female,what
29,Senior,Full-time,Female,is
29,Senior,Full-time,Female,doing
29,Senior,Full-time,Female,food
29,Senior,Full-time,Female,appreciated
29,Senior,Full-time,Female,changes
29,Senior,Full-time,Female,am
29,Senior,Full-time,Female,paying
29,Senior,Full-time,Female,year
29,Senior,Full-time,Female,attend
29,Senior,Full-time,Female,bu
29,Senior,Full-time,Female,live
29,Senior,Full-time,Female,campus
29,Senior,Full-time,Female,think
29,Senior,Full-time,Female,is
29,Senior,Full-time,Female,ridiculous
29,Senior,Full-time,Female,have
29,Senior,Full-time,Female,pay
29,Senior,Full-time,Female,extra
29,Senior,Full-time,Female,night
29,Senior,Full-time,Female,stay
29,Senior,Full-time,Female,campus
29,Senior,Full-time,Female,certain
29,Senior,Full-time,Female,breaks
29,Senior,Full-time,Female,does
29,Senior,Full-time,Female,room
29,Senior,Full-time,Female,board
29,Senior,Full-time,Female,beginning
29,Senior,Full-time,Female,semester
29,Senior,Full-time,Female,spring
29,Senior,Full-time,Female,break
29,Senior,Full-time,Female,example
29,Senior,Full-time,Female,what
29,Senior,Full-time,Female,alotted
29,Senior,Full-time,Female,cafeteria
29,Senior,Full-time,Female,meals
29,Senior,Full-time,Female,pay
29,Senior,Full-time,Female,beginning
29,Senior,Full-time,Female,week
29,Senior,Full-time,Female,use
29,Senior,Full-time,Female,meals
29,Senior,Full-time,Female,does
29,Senior,Full-time,Female,money
29,Senior,Full-time,Female,go
29,Senior,Full-time,Female,room
29,Senior,Full-time,Female,board
29,Senior,Full-time,Female,is
29,Senior,Full-time,Female,reslife
29,Senior,Full-time,Female,missed
29,Senior,Full-time,Female,meals
29,Senior,Full-time,Female,adding
29,Senior,Full-time,Female,i'd
29,Senior,Full-time,Female,be
29,Senior,Full-time,Female,able
29,Senior,Full-time,Female,use
29,Senior,Full-time,Female,money
29,Senior,Full-time,Female,stay
29,Senior,Full-time,Female,campus
29,Senior,Full-time,Female,first
29,Senior,Full-time,Female,night
29,Senior,Full-time,Female,spring
29,Senior,Full-time,Female,break
29,Senior,Full-time,Female,having
29,Senior,Full-time,Female,give
29,Senior,Full-time,Female,reslife
29,Senior,Full-time,Female,money
29,Senior,Full-time,Female,think
29,Senior,Full-time,Female,monthly
29,Senior,Full-time,Female,meal
29,Senior,Full-time,Female,plans
29,Senior,Full-time,Female,benefit
29,Senior,Full-time,Female,students
29,Senior,Full-time,Female,weeks
29,Senior,Full-time,Female,make
29,Senior,Full-time,Female,cafeteria
29,Senior,Full-time,Female,others
29,Senior,Full-time,Female,we're
29,Senior,Full-time,Female,free
29,Senior,Full-time,Female,have
29,Senior,Full-time,Female,guests
29,Senior,Full-time,Female,meal
29,Senior,Full-time,Female,plans
29,Senior,Full-time,Female,balance
29,Senior,Full-time,Female,varying
29,Senior,Full-time,Female,weeks
30,Senior,Full-time,Female,experience
30,Senior,Full-time,Female,bellarmine
30,Senior,Full-time,Female,university
30,Senior,Full-time,Female,has
30,Senior,Full-time,Female,been
30,Senior,Full-time,Female,wonderful
30,Senior,Full-time,Female,want
30,Senior,Full-time,Female,point
30,Senior,Full-time,Female,psychology
30,Senior,Full-time,Female,department
30,Senior,Full-time,Female,recognize
30,Senior,Full-time,Female,i'm
30,Senior,Full-time,Female,biased
30,Senior,Full-time,Female,believe
30,Senior,Full-time,Female,be
30,Senior,Full-time,Female,best
30,Senior,Full-time,Female,department
30,Senior,Full-time,Female,campus
30,Senior,Full-time,Female,dr
30,Senior,Full-time,Female,christy
30,Senior,Full-time,Female,wolfe
30,Senior,Full-time,Female,dr
30,Senior,Full-time,Female,pamela
30,Senior,Full-time,Female,cartor
30,Senior,Full-time,Female,have
30,Senior,Full-time,Female,been
30,Senior,Full-time,Female,vital
30,Senior,Full-time,Female,growth
30,Senior,Full-time,Female,bellarmine
30,Senior,Full-time,Female,university
30,Senior,Full-time,Female,women
30,Senior,Full-time,Female,are
30,Senior,Full-time,Female,incredible
30,Senior,Full-time,Female,teachers
30,Senior,Full-time,Female,are
30,Senior,Full-time,Female,incredible
30,Senior,Full-time,Female,human
30,Senior,Full-time,Female,beings
30,Senior,Full-time,Female,have
30,Senior,Full-time,Female,been
30,Senior,Full-time,Female,root
30,Senior,Full-time,Female,intense
30,Senior,Full-time,Female,growth
30,Senior,Full-time,Female,transformation
30,Senior,Full-time,Female,years
30,Senior,Full-time,Female,both
30,Senior,Full-time,Female,go
30,Senior,Full-time,Female,call
30,Senior,Full-time,Female,duty
30,Senior,Full-time,Female,professor
30,Senior,Full-time,Female,best
30,Senior,Full-time,Female,interest
30,Senior,Full-time,Female,students
30,Senior,Full-time,Female,know
30,Senior,Full-time,Female,have
30,Senior,Full-time,Female,choice
30,Senior,Full-time,Female,doctoral
30,Senior,Full-time,Female,programs
30,Senior,Full-time,Female,present
30,Senior,Full-time,Female,undergraduate
30,Senior,Full-time,Female,career
30,Senior,Full-time,Female,are
30,Senior,Full-time,Female,what
30,Senior,Full-time,Female,envision
30,Senior,Full-time,Female,bellarmine
30,Senior,Full-time,Female,be
30,Senior,Full-time,Female,helpful
30,Senior,Full-time,Female,intelligent
30,Senior,Full-time,Female,passionate
30,Senior,Full-time,Female,field
30,Senior,Full-time,Female,bellarmine's
30,Senior,Full-time,Female,psychology
30,Senior,Full-time,Female,department
30,Senior,Full-time,Female,is
30,Senior,Full-time,Female,best
30,Senior,Full-time,Female,am
30,Senior,Full-time,Female,happy
30,Senior,Full-time,Female,grateful
30,Senior,Full-time,Female,i
30,Senior,Full-time,Female,got
30,Senior,Full-time,Female,experience
30,Senior,Full-time,Female,amazing
30,Senior,Full-time,Female,department
31,Senior,Full-time,Female,bellarmine
31,Senior,Full-time,Female,university
31,Senior,Full-time,Female,has
31,Senior,Full-time,Female,been
31,Senior,Full-time,Female,amazing
31,Senior,Full-time,Female,experience
31,Senior,Full-time,Female,have
31,Senior,Full-time,Female,been
31,Senior,Full-time,Female,blessed
31,Senior,Full-time,Female,many
31,Senior,Full-time,Female,opportunities
31,Senior,Full-time,Female,help
31,Senior,Full-time,Female,bu
31,Senior,Full-time,Female,thankful
31,Senior,Full-time,Female,bellarmine
31,Senior,Full-time,Female,has
31,Senior,Full-time,Female,done
32,Senior,Full-time,Female,needs
32,Senior,Full-time,Female,be
32,Senior,Full-time,Female,curriculum
32,Senior,Full-time,Female,that
32,Senior,Full-time,Female,addresses
32,Senior,Full-time,Female,racism
32,Senior,Full-time,Female,america
32,Senior,Full-time,Female,be
32,Senior,Full-time,Female,sensitive
32,Senior,Full-time,Female,issues
32,Senior,Full-time,Female,that
32,Senior,Full-time,Female,people
32,Senior,Full-time,Female,face
32,Senior,Full-time,Female,based
32,Senior,Full-time,Female,race
32,Senior,Full-time,Female,do
32,Senior,Full-time,Female,understand
33,Senior,Full-time,Male,knights
33,Senior,Full-time,Male,get
33,Senior,Full-time,Male,more
33,Senior,Full-time,Male,parking
34,Senior,Full-time,Male,quality
34,Senior,Full-time,Male,educational
34,Senior,Full-time,Male,experience
34,Senior,Full-time,Male,was
34,Senior,Full-time,Male,hindered
34,Senior,Full-time,Male,fact
34,Senior,Full-time,Male,greek
34,Senior,Full-time,Male,life
34,Senior,Full-time,Male,is
34,Senior,Full-time,Male,received
34,Senior,Full-time,Male,campus
34,Senior,Full-time,Male,am
34,Senior,Full-time,Male,active
34,Senior,Full-time,Male,member
34,Senior,Full-time,Male,fraternity
34,Senior,Full-time,Male,bellarmine's
34,Senior,Full-time,Male,campus
34,Senior,Full-time,Male,seems
34,Senior,Full-time,Male,are
34,Senior,Full-time,Male,pushed
34,Senior,Full-time,Male,rug
34,Senior,Full-time,Male,more
34,Senior,Full-time,Male,know
34,Senior,Full-time,Male,current
34,Senior,Full-time,Male,atmosphere
34,Senior,Full-time,Male,is
34,Senior,Full-time,Male,great
34,Senior,Full-time,Male,actions
34,Senior,Full-time,Male,few
34,Senior,Full-time,Male,organizations
34,Senior,Full-time,Male,does
34,Senior,Full-time,Male,mean
34,Senior,Full-time,Male,greek
34,Senior,Full-time,Male,organizations
34,Senior,Full-time,Male,are
34,Senior,Full-time,Male,bad
34,Senior,Full-time,Male,fraternity
34,Senior,Full-time,Male,alpha
34,Senior,Full-time,Male,delta
34,Senior,Full-time,Male,gamma
34,Senior,Full-time,Male,does
34,Senior,Full-time,Male,lot
34,Senior,Full-time,Male,good
34,Senior,Full-time,Male,bellarmine's
34,Senior,Full-time,Male,campus
34,Senior,Full-time,Male,goes
34,Senior,Full-time,Male,unnoticed
34,Senior,Full-time,Male,unrecognized
34,Senior,Full-time,Male,greek
34,Senior,Full-time,Male,letters
34,Senior,Full-time,Male,members
34,Senior,Full-time,Male,fraternity
34,Senior,Full-time,Male,have
34,Senior,Full-time,Male,done
34,Senior,Full-time,Male,work
34,Senior,Full-time,Male,comparable
34,Senior,Full-time,Male,other
34,Senior,Full-time,Male,organizations
34,Senior,Full-time,Male,have
34,Senior,Full-time,Male,done
34,Senior,Full-time,Male,similar
34,Senior,Full-time,Male,work
34,Senior,Full-time,Male,organizations
34,Senior,Full-time,Male,work
34,Senior,Full-time,Male,done
34,Senior,Full-time,Male,groups
34,Senior,Full-time,Male,other
34,Senior,Full-time,Male,fraternity
34,Senior,Full-time,Male,is
34,Senior,Full-time,Male,work
34,Senior,Full-time,Male,goes
34,Senior,Full-time,Male,recognized
34,Senior,Full-time,Male,are
34,Senior,Full-time,Male,blessed
34,Senior,Full-time,Male,be
34,Senior,Full-time,Male,part
34,Senior,Full-time,Male,campus
34,Senior,Full-time,Male,louisville
34,Senior,Full-time,Male,community
34,Senior,Full-time,Male,recognition
34,Senior,Full-time,Male,be
34,Senior,Full-time,Male,fantastic
34,Senior,Full-time,Male,way
34,Senior,Full-time,Male,view
34,Senior,Full-time,Male,greek
34,Senior,Full-time,Male,life
34,Senior,Full-time,Male,bellarmine's
34,Senior,Full-time,Male,campus
34,Senior,Full-time,Male,help
34,Senior,Full-time,Male,few
34,Senior,Full-time,Male,greek
34,Senior,Full-time,Male,organizations
34,Senior,Full-time,Male,grow
34,Senior,Full-time,Male,have
34,Senior,Full-time,Male,bigger
34,Senior,Full-time,Male,impact
34,Senior,Full-time,Male,community
35,Senior,Full-time,Male,have
35,Senior,Full-time,Male,had
35,Senior,Full-time,Male,negative
35,Senior,Full-time,Male,experience
35,Senior,Full-time,Male,university
35,Senior,Full-time,Male,am
35,Senior,Full-time,Male,part
35,Senior,Full-time,Male,greek
35,Senior,Full-time,Male,life
35,Senior,Full-time,Male,athletic
35,Senior,Full-time,Male,team
35,Senior,Full-time,Male,have
35,Senior,Full-time,Male,been
35,Senior,Full-time,Male,subject
35,Senior,Full-time,Male,discrimination
35,Senior,Full-time,Male,bullying
35,Senior,Full-time,Male,bullying
35,Senior,Full-time,Male,has
35,Senior,Full-time,Male,come
35,Senior,Full-time,Male,faculty
35,Senior,Full-time,Male,staff
35,Senior,Full-time,Male,bellarmine
35,Senior,Full-time,Male,university
35,Senior,Full-time,Male,are
35,Senior,Full-time,Male,members
35,Senior,Full-time,Male,university's
35,Senior,Full-time,Male,teaching
35,Senior,Full-time,Male,staff
35,Senior,Full-time,Male,who
35,Senior,Full-time,Male,discriminate
35,Senior,Full-time,Male,athletes
35,Senior,Full-time,Male,people
35,Senior,Full-time,Male,greek
35,Senior,Full-time,Male,life
36,Senior,Full-time,Male,advances
36,Senior,Full-time,Male,personal
36,Senior,Full-time,Male,integrity
36,Senior,Full-time,Male,result
36,Senior,Full-time,Male,institution
36,Senior,Full-time,Male,resulted
36,Senior,Full-time,Male,faculty
36,Senior,Full-time,Male,staff
36,Senior,Full-time,Male,administration
36,Senior,Full-time,Male,interactions
36,Senior,Full-time,Male,students
36,Senior,Full-time,Male,alpha
36,Senior,Full-time,Male,delta
36,Senior,Full-time,Male,gamma
36,Senior,Full-time,Male,credit
36,Senior,Full-time,Male,be
36,Senior,Full-time,Male,given
36,Senior,Full-time,Male,administrative
36,Senior,Full-time,Male,official
36,Senior,Full-time,Male,whatsoever
37,Senior,Full-time,Male,placed
37,Senior,Full-time,Male,disagree
37,Senior,Full-time,Male,next
37,Senior,Full-time,Male,statement
37,Senior,Full-time,Male,ethical
37,Senior,Full-time,Male,spiritual
37,Senior,Full-time,Male,development
37,Senior,Full-time,Male,are
37,Senior,Full-time,Male,important
37,Senior,Full-time,Male,part
37,Senior,Full-time,Male,mission
37,Senior,Full-time,Male,campus
37,Senior,Full-time,Male,i'd
37,Senior,Full-time,Male,clarify
37,Senior,Full-time,Male,statement
37,Senior,Full-time,Male,is
37,Senior,Full-time,Male,ambiguous
37,Senior,Full-time,Male,ethical
37,Senior,Full-time,Male,spiritual
37,Senior,Full-time,Male,development
37,Senior,Full-time,Male,is
37,Senior,Full-time,Male,part
37,Senior,Full-time,Male,bellarmine's
37,Senior,Full-time,Male,mission
37,Senior,Full-time,Male,statement
37,Senior,Full-time,Male,ethical
37,Senior,Full-time,Male,spiritual
37,Senior,Full-time,Male,development
37,Senior,Full-time,Male,is
37,Senior,Full-time,Male,important
37,Senior,Full-time,Male,part
37,Senior,Full-time,Male,mission
37,Senior,Full-time,Male,institution
37,Senior,Full-time,Male,ethical
37,Senior,Full-time,Male,spiritual
37,Senior,Full-time,Male,development
37,Senior,Full-time,Male,is
37,Senior,Full-time,Male,practiced
37,Senior,Full-time,Male,bellarmine
37,Senior,Full-time,Male,students
37,Senior,Full-time,Male,are
37,Senior,Full-time,Male,encouraged
37,Senior,Full-time,Male,question
37,Senior,Full-time,Male,beliefs
37,Senior,Full-time,Male,bellarmine
37,Senior,Full-time,Male,are
37,Senior,Full-time,Male,told
37,Senior,Full-time,Male,find
37,Senior,Full-time,Male,resources
37,Senior,Full-time,Male,answer
37,Senior,Full-time,Male,questions
37,Senior,Full-time,Male,faith
37,Senior,Full-time,Male,dies
37,Senior,Full-time,Male,that's
37,Senior,Full-time,Male,bu
37,Senior,Full-time,Male,students
37,Senior,Full-time,Male,declare
37,Senior,Full-time,Male,affiliated
37,Senior,Full-time,Male,religion
37,Senior,Full-time,Male,taught
37,Senior,Full-time,Male,question
37,Senior,Full-time,Male,be
37,Senior,Full-time,Male,have
37,Senior,Full-time,Male,been
37,Senior,Full-time,Male,challenging
37,Senior,Full-time,Male,grow
37,Senior,Full-time,Male,learn
37,Senior,Full-time,Male,doubt
37,Senior,Full-time,Male,climb
37,Senior,Full-time,Male,mountain
37,Senior,Full-time,Male,crampons
37,Senior,Full-time,Male,rope
37,Senior,Full-time,Male,told
37,Senior,Full-time,Male,do
37,Senior,Full-time,Male,give
37,Senior,Full-time,Male,tools
37,Senior,Full-time,Male,need
37,Senior,Full-time,Male,try
37,Senior,Full-time,Male,fail
37,Senior,Full-time,Male,fail
37,Senior,Full-time,Male,seeing
37,Senior,Full-time,Male,futility
37,Senior,Full-time,Male,turn
37,Senior,Full-time,Male,back
37,Senior,Full-time,Male,mountain
37,Senior,Full-time,Male,pretend
37,Senior,Full-time,Male,is
37,Senior,Full-time,Male,is
37,Senior,Full-time,Male,bellarmine
37,Senior,Full-time,Male,is
37,Senior,Full-time,Male,catholic
37,Senior,Full-time,Male,college
37,Senior,Full-time,Male,embracing
37,Senior,Full-time,Male,diversity
37,Senior,Full-time,Male,is
37,Senior,Full-time,Male,catholic
37,Senior,Full-time,Male,is
37,Senior,Full-time,Male,secular
37,Senior,Full-time,Male,is
37,Senior,Full-time,Male,madness
37,Senior,Full-time,Male,everyone
37,Senior,Full-time,Male,is
37,Senior,Full-time,Male,different
37,Senior,Full-time,Male,is
37,Senior,Full-time,Male,reason
37,Senior,Full-time,Male,celebrate
37,Senior,Full-time,Male,everyone
37,Senior,Full-time,Male,is
37,Senior,Full-time,Male,same
37,Senior,Full-time,Male,be
37,Senior,Full-time,Male,embracing
37,Senior,Full-time,Male,unity
37,Senior,Full-time,Male,celebrate
37,Senior,Full-time,Male,oneness
37,Senior,Full-time,Male,oneness
37,Senior,Full-time,Male,love
37,Senior,Full-time,Male,oneness
37,Senior,Full-time,Male,truth
37,Senior,Full-time,Male,oneness
37,Senior,Full-time,Male,faith
37,Senior,Full-time,Male,is
37,Senior,Full-time,Male,theological
37,Senior,Full-time,Male,truth
37,Senior,Full-time,Male,that
37,Senior,Full-time,Male,fake
37,Senior,Full-time,Male,catholic
37,Senior,Full-time,Male,school
37,Senior,Full-time,Male,has
37,Senior,Full-time,Male,managed
37,Senior,Full-time,Male,teach
37,Senior,Full-time,Male,negative
37,Senior,Full-time,Male,example
37,Senior,Full-time,Male,that
37,Senior,Full-time,Male,diversity
37,Senior,Full-time,Male,is
37,Senior,Full-time,Male,virtue
37,Senior,Full-time,Male,christ
37,Senior,Full-time,Male,prayed
37,Senior,Full-time,Male,garden
37,Senior,Full-time,Male,gethsemane
37,Senior,Full-time,Male,be
37,Senior,Full-time,Male,father
37,Senior,Full-time,Male,are
37,Senior,Full-time,Male,pray
37,Senior,Full-time,Male,students
37,Senior,Full-time,Male,faculty
37,Senior,Full-time,Male,bu
37,Senior,Full-time,Male,be
37,Senior,Full-time,Male,god
37,Senior,Full-time,Male,love
38,Senior,Full-time,Male,institution
38,Senior,Full-time,Male,is
38,Senior,Full-time,Male,wast
38,Senior,Full-time,Male,space
38,Senior,Full-time,Male,time
38,Senior,Full-time,Male,money
38,Senior,Full-time,Male,hate
38,Senior,Full-time,Male,majority
38,Senior,Full-time,Male,people
38,Senior,Full-time,Male,have
38,Senior,Full-time,Male,felt
38,Senior,Full-time,Male,welcome
38,Senior,Full-time,Male,accepted
39,Senior,Full-time,Male,everything
39,Senior,Full-time,Male,is
39,Senior,Full-time,Male,great
39,Senior,Full-time,Male,few
39,Senior,Full-time,Male,minor
39,Senior,Full-time,Male,issues
39,Senior,Full-time,Male,think
39,Senior,Full-time,Male,parts
39,Senior,Full-time,Male,school
39,Senior,Full-time,Male,are
39,Senior,Full-time,Male,doing
39,Senior,Full-time,Male,great
39,Senior,Full-time,Male,job
39,Senior,Full-time,Male,mission
39,Senior,Full-time,Male,identity
39,Senior,Full-time,Male,catholic
39,Senior,Full-time,Male,values
39,Senior,Full-time,Male,that
39,Senior,Full-time,Male,university
39,Senior,Full-time,Male,was
39,Senior,Full-time,Male,founded
39,Senior,Full-time,Male,are
39,Senior,Full-time,Male,being
39,Senior,Full-time,Male,scrubbed
39,Senior,Full-time,Male,is
39,Senior,Full-time,Male,hurting
39,Senior,Full-time,Male,image
39,Senior,Full-time,Male,university
39,Senior,Full-time,Male,traditional
39,Senior,Full-time,Male,beliefs
39,Senior,Full-time,Male,ideas
39,Senior,Full-time,Male,are
39,Senior,Full-time,Male,being
39,Senior,Full-time,Male,pushed
39,Senior,Full-time,Male,aside
39,Senior,Full-time,Male,shoved
39,Senior,Full-time,Male,undermining
39,Senior,Full-time,Male,values
39,Senior,Full-time,Male,majorities
39,Senior,Full-time,Male,order
39,Senior,Full-time,Male,please
39,Senior,Full-time,Male,minorities
39,Senior,Full-time,Male,minorities
39,Senior,Full-time,Male,receive
39,Senior,Full-time,Male,many
39,Senior,Full-time,Male,opportunities
39,Senior,Full-time,Male,majority
39,Senior,Full-time,Male,lifting
39,Senior,Full-time,Male,who
39,Senior,Full-time,Male,have
39,Senior,Full-time,Male,had
39,Senior,Full-time,Male,opportunities
39,Senior,Full-time,Male,who
39,Senior,Full-time,Male,appear
39,Senior,Full-time,Male,be
39,Senior,Full-time,Male,minority
39,Senior,Full-time,Male,are
39,Senior,Full-time,Male,being
39,Senior,Full-time,Male,pushed
39,Senior,Full-time,Male,who
39,Senior,Full-time,Male,think
39,Senior,Full-time,Male,others
39,Senior,Full-time,Male,deserve
39,Senior,Full-time,Male,more
39,Senior,Full-time,Male,anyone
39,Senior,Full-time,Male,people
39,Senior,Full-time,Male,be
39,Senior,Full-time,Male,treated
39,Senior,Full-time,Male,sex
39,Senior,Full-time,Male,ethnicity
39,Senior,Full-time,Male,age
39,Senior,Full-time,Male,etc
39,Senior,Full-time,Male,campus
39,Senior,Full-time,Male,ministry
39,Senior,Full-time,Male,is
39,Senior,Full-time,Male,doing
39,Senior,Full-time,Male,great
39,Senior,Full-time,Male,job
39,Senior,Full-time,Male,feel
39,Senior,Full-time,Male,oftentimes
39,Senior,Full-time,Male,be
39,Senior,Full-time,Male,given
39,Senior,Full-time,Male,funding
39,Senior,Full-time,Male,is
39,Senior,Full-time,Male,frivolous
39,Senior,Full-time,Male,excessive
39,Senior,Full-time,Male,spending
39,Senior,Full-time,Male,other
39,Senior,Full-time,Male,departments
39,Senior,Full-time,Male,offices
39,Senior,Full-time,Male,are
39,Senior,Full-time,Male,hot
39,Senior,Full-time,Male,minority
39,Senior,Full-time,Male,issues
39,Senior,Full-time,Male,campus
39,Senior,Full-time,Male,ministry
39,Senior,Full-time,Male,franciscans
39,Senior,Full-time,Male,serve
39,Senior,Full-time,Male,important
39,Senior,Full-time,Male,part
39,Senior,Full-time,Male,university
39,Senior,Full-time,Male,history
39,Senior,Full-time,Male,bellarmine
39,Senior,Full-time,Male,culture
39,Senior,Full-time,Male,deserve
39,Senior,Full-time,Male,be
39,Senior,Full-time,Male,better
39,Senior,Full-time,Male,funded
40,Senior,Not full-time,Female,small
40,Senior,Not full-time,Female,professor
40,Senior,Not full-time,Female,student
40,Senior,Not full-time,Female,ratio
40,Senior,Not full-time,Female,enables
40,Senior,Not full-time,Female,professors
40,Senior,Not full-time,Female,focus
40,Senior,Not full-time,Female,progress
40,Senior,Not full-time,Female,success
40,Senior,Not full-time,Female,students
